﻿<?xml version="1.0" encoding="utf-8"?>
<Pedidos>
  <Pedido>
    <NumeroPedido>1</NumeroPedido>
    <Cliente>wender</Cliente>
    <DataPedido>2025-05-19 10:54:28</DataPedido>
    <TotalPedido>48,60</TotalPedido>
    <Observacao>carne ao ponto</Observacao>
    <Itens>
      <Item>
        <NumeroItem>1</NumeroItem>
        <Descricao>McChicken</Descricao>
        <Quantidade>2</Quantidade>
        <PrecoUnitario />
        <TotalItem>39,60</TotalItem>
      </Item>
      <Item>
        <NumeroItem>2</NumeroItem>
        <Descricao>Iced Tea - R$9,00</Descricao>
        <Quantidade>1</Quantidade>
        <PrecoUnitario>9,00</PrecoUnitario>
        <TotalItem>9,00</TotalItem>
      </Item>
    </Itens>
    <Condimentos>
      <Condimento>Pimenta</Condimento>
      <Condimento>Catchup</Condimento>
      <Condimento>Maionese</Condimento>
      <Condimento>Mostarda</Condimento>
    </Condimentos>
  </Pedido>
  <Pedido>
    <NumeroPedido>2</NumeroPedido>
    <Cliente>ryan</Cliente>
    <DataPedido>2025-05-19 11:07:09</DataPedido>
    <TotalPedido>57,50</TotalPedido>
    <Observacao>carne mal passada</Observacao>
    <Itens>
      <Item>
        <NumeroItem>1</NumeroItem>
        <Descricao>Podrao da eskina</Descricao>
        <Quantidade>5</Quantidade>
        <PrecoUnitario />
        <TotalItem>52,50</TotalItem>
      </Item>
      <Item>
        <NumeroItem>2</NumeroItem>
        <Descricao>Coca-Cola - R$5,00</Descricao>
        <Quantidade>1</Quantidade>
        <PrecoUnitario>5,00</PrecoUnitario>
        <TotalItem>5,00</TotalItem>
      </Item>
    </Itens>
    <Condimentos>
      <Condimento>Molho Inglês</Condimento>
      <Condimento>Batata Palha</Condimento>
      <Condimento>Pimenta</Condimento>
      <Condimento>Mostarda</Condimento>
    </Condimentos>
  </Pedido>
  <Pedido>
    <NumeroPedido>3</NumeroPedido>
    <Cliente>ewdwd</Cliente>
    <DataPedido>2025-05-03 11:46:06</DataPedido>
    <TotalPedido>333.641,90</TotalPedido>
    <Observacao>wdwe</Observacao>
    <Itens>
      <Item>
        <NumeroItem>1</NumeroItem>
        <Descricao>Hambúrguer Simples</Descricao>
        <Quantidade>12121</Quantidade>
        <PrecoUnitario />
        <TotalItem>151.512,50</TotalItem>
      </Item>
      <Item>
        <NumeroItem>2</NumeroItem>
        <Descricao>Monster Energy - R$12,50</Descricao>
        <Quantidade>1</Quantidade>
        <PrecoUnitario>12,50</PrecoUnitario>
        <TotalItem>12,50</TotalItem>
      </Item>
      <Item>
        <NumeroItem>3</NumeroItem>
        <Descricao>Hambúrguer Simples</Descricao>
        <Quantidade>12121</Quantidade>
        <PrecoUnitario />
        <TotalItem>151.512,50</TotalItem>
      </Item>
      <Item>
        <NumeroItem>4</NumeroItem>
        <Descricao>Guaraná Antártica - R$4,20</Descricao>
        <Quantidade>1</Quantidade>
        <PrecoUnitario>4,20</PrecoUnitario>
        <TotalItem>4,20</TotalItem>
      </Item>
      <Item>
        <NumeroItem>5</NumeroItem>
        <Descricao>Hambúrguer Simples</Descricao>
        <Quantidade>1223</Quantidade>
        <PrecoUnitario />
        <TotalItem>15.287,50</TotalItem>
      </Item>
      <Item>
        <NumeroItem>6</NumeroItem>
        <Descricao>Hambúrguer Simples</Descricao>
        <Quantidade>1223</Quantidade>
        <PrecoUnitario />
        <TotalItem>15.287,50</TotalItem>
      </Item>
      <Item>
        <NumeroItem>7</NumeroItem>
        <Descricao>Guaraná Antártica - R$4,20</Descricao>
        <Quantidade>1</Quantidade>
        <PrecoUnitario>4,20</PrecoUnitario>
        <TotalItem>4,20</TotalItem>
      </Item>
      <Item>
        <NumeroItem>8</NumeroItem>
        <Descricao>Podrao da eskina</Descricao>
        <Quantidade>2</Quantidade>
        <PrecoUnitario />
        <TotalItem>21,00</TotalItem>
      </Item>
    </Itens>
    <Condimentos>
      <Condimento>Molho Inglês</Condimento>
      <Condimento>Catchup</Condimento>
      <Condimento>Mostarda</Condimento>
      <Condimento>Molho Inglês</Condimento>
      <Condimento>Pimenta</Condimento>
    </Condimentos>
  </Pedido>
  <Pedido>
    <NumeroPedido>4</NumeroPedido>
    <Cliente>lucas</Cliente>
    <DataPedido>2025-05-20 10:49:48</DataPedido>
    <TotalPedido>133,90</TotalPedido>
    <Observacao>carne crua</Observacao>
    <Itens>
      <Item>
        <NumeroItem>1</NumeroItem>
        <Descricao>Big Mac</Descricao>
        <Quantidade>5</Quantidade>
        <PrecoUnitario />
        <TotalItem>125,00</TotalItem>
      </Item>
      <Item>
        <NumeroItem>2</NumeroItem>
        <Descricao>Suco de Laranja - R$8,90</Descricao>
        <Quantidade>1</Quantidade>
        <PrecoUnitario>8,90</PrecoUnitario>
        <TotalItem>8,90</TotalItem>
      </Item>
    </Itens>
    <Condimentos>
      <Condimento>Batata Palha</Condimento>
      <Condimento>Pimenta</Condimento>
      <Condimento>Catchup</Condimento>
      <Condimento>Mostarda</Condimento>
    </Condimentos>
  </Pedido>
  <Pedido>
    <NumeroPedido>5</NumeroPedido>
    <Cliente>ryan piris</Cliente>
    <DataPedido>2025-05-20 10:49:48</DataPedido>
    <TotalPedido>540,00</TotalPedido>
    <Observacao>podrao</Observacao>
    <Itens>
      <Item>
        <NumeroItem>1</NumeroItem>
        <Descricao>Podrao da eskina</Descricao>
        <Quantidade>50</Quantidade>
        <PrecoUnitario />
        <TotalItem>525,00</TotalItem>
      </Item>
      <Item>
        <NumeroItem>2</NumeroItem>
        <Descricao>Red Bull - R$15,00</Descricao>
        <Quantidade>1</Quantidade>
        <PrecoUnitario>15,00</PrecoUnitario>
        <TotalItem>15,00</TotalItem>
      </Item>
    </Itens>
    <Condimentos>
      <Condimento>Molho Inglês</Condimento>
      <Condimento>Catchup</Condimento>
      <Condimento>Maionese</Condimento>
    </Condimentos>
  </Pedido>
  <Pedido>
    <NumeroPedido>6</NumeroPedido>
    <Cliente>emerson</Cliente>
    <DataPedido>2025-05-20 10:52:49</DataPedido>
    <TotalPedido>102,10</TotalPedido>
    <Observacao>teste</Observacao>
    <Itens>
      <Item>
        <NumeroItem>1</NumeroItem>
        <Descricao>McMelt</Descricao>
        <Quantidade>4</Quantidade>
        <PrecoUnitario />
        <TotalItem>95,60</TotalItem>
      </Item>
      <Item>
        <NumeroItem>2</NumeroItem>
        <Descricao>Sprite - R$6,50</Descricao>
        <Quantidade>1</Quantidade>
        <PrecoUnitario>6,50</PrecoUnitario>
        <TotalItem>6,50</TotalItem>
      </Item>
    </Itens>
    <Condimentos>
      <Condimento>Pimenta</Condimento>
      <Condimento>Catchup</Condimento>
      <Condimento>Maionese</Condimento>
      <Condimento>Mostarda</Condimento>
    </Condimentos>
  </Pedido>
  <Pedido>
    <NumeroPedido>7</NumeroPedido>
    <Cliente>trt</Cliente>
    <DataPedido>2025-05-20 11:08:35</DataPedido>
    <TotalPedido>20,00</TotalPedido>
    <Observacao>trrt</Observacao>
    <Itens>
      <Item>
        <NumeroItem>1</NumeroItem>
        <Descricao>X-Bacon</Descricao>
        <Quantidade>1</Quantidade>
        <PrecoUnitario />
        <TotalItem>18,00</TotalItem>
      </Item>
      <Item>
        <NumeroItem>2</NumeroItem>
        <Descricao>Água Mineral - R$2,00</Descricao>
        <Quantidade>1</Quantidade>
        <PrecoUnitario>2,00</PrecoUnitario>
        <TotalItem>2,00</TotalItem>
      </Item>
    </Itens>
    <Condimentos>
      <Condimento>Molho Inglês</Condimento>
      <Condimento>Pimenta</Condimento>
      <Condimento>Mostarda</Condimento>
    </Condimentos>
  </Pedido>
  <Pedido>
    <NumeroPedido>8</NumeroPedido>
    <Cliente>opalla corola</Cliente>
    <DataPedido>2025-05-20 11:24:00</DataPedido>
    <TotalPedido>16,50</TotalPedido>
    <Observacao>opalla corola</Observacao>
    <Itens>
      <Item>
        <NumeroItem>1</NumeroItem>
        <Descricao>Cachorro Quente</Descricao>
        <Quantidade>1</Quantidade>
        <PrecoUnitario />
        <TotalItem>10,00</TotalItem>
      </Item>
      <Item>
        <NumeroItem>2</NumeroItem>
        <Descricao>Sprite - R$6,50</Descricao>
        <Quantidade>1</Quantidade>
        <PrecoUnitario>6,50</PrecoUnitario>
        <TotalItem>6,50</TotalItem>
      </Item>
    </Itens>
    <Condimentos>
      <Condimento>Molho Inglês</Condimento>
      <Condimento>Batata Palha</Condimento>
      <Condimento>Pimenta</Condimento>
      <Condimento>Catchup</Condimento>
    </Condimentos>
  </Pedido>
  <Pedido>
    <NumeroPedido>9</NumeroPedido>
    <Cliente>caio gordo</Cliente>
    <DataPedido>2030-01-24 12:01:39</DataPedido>
    <TotalPedido>141,50</TotalPedido>
    <Observacao>soy gordito</Observacao>
    <Itens>
      <Item>
        <NumeroItem>1</NumeroItem>
        <Descricao>Cheese Bacon</Descricao>
        <Quantidade>6</Quantidade>
        <PrecoUnitario>22,50</PrecoUnitario>
        <TotalItem>135,00</TotalItem>
      </Item>
      <Item>
        <NumeroItem>2</NumeroItem>
        <Descricao>Sprite - R$6,50</Descricao>
        <Quantidade>1</Quantidade>
        <PrecoUnitario>6,50</PrecoUnitario>
        <TotalItem>6,50</TotalItem>
      </Item>
    </Itens>
    <Condimentos>
      <Condimento>Batata Palha</Condimento>
      <Condimento>Pimenta</Condimento>
      <Condimento>Catchup</Condimento>
    </Condimentos>
  </Pedido>
  <Pedido>
    <NumeroPedido>10</NumeroPedido>
    <Cliente>lopes</Cliente>
    <DataPedido>2030-01-24 12:01:39</DataPedido>
    <TotalPedido>90,00</TotalPedido>
    <Observacao>zzzz</Observacao>
    <Itens>
      <Item>
        <NumeroItem>1</NumeroItem>
        <Descricao>Cachorro Quente</Descricao>
        <Quantidade>8</Quantidade>
        <PrecoUnitario>10,00</PrecoUnitario>
        <TotalItem>80,00</TotalItem>
      </Item>
      <Item>
        <NumeroItem>2</NumeroItem>
        <Descricao>Água de Coco - R$10,00</Descricao>
        <Quantidade>1</Quantidade>
        <PrecoUnitario>10,00</PrecoUnitario>
        <TotalItem>10,00</TotalItem>
      </Item>
    </Itens>
    <Condimentos>
      <Condimento>Molho Inglês</Condimento>
      <Condimento>Batata Palha</Condimento>
      <Condimento>Mostarda</Condimento>
    </Condimentos>
  </Pedido>
  <Pedido>
    <NumeroPedido>11</NumeroPedido>
    <Cliente>teste txt</Cliente>
    <DataPedido>2025-05-21 12:17:58</DataPedido>
    <TotalPedido>110,00</TotalPedido>
    <Observacao>321</Observacao>
    <Itens>
      <Item>
        <NumeroItem>1</NumeroItem>
        <Descricao>Big Mac</Descricao>
        <Quantidade>4</Quantidade>
        <PrecoUnitario>25,00</PrecoUnitario>
        <TotalItem>100,00</TotalItem>
      </Item>
      <Item>
        <NumeroItem>2</NumeroItem>
        <Descricao>Água de Coco - R$10,00</Descricao>
        <Quantidade>1</Quantidade>
        <PrecoUnitario>10,00</PrecoUnitario>
        <TotalItem>10,00</TotalItem>
      </Item>
    </Itens>
    <Condimentos>
      <Condimento>Molho Inglês</Condimento>
      <Condimento>Batata Palha</Condimento>
      <Condimento>Pimenta</Condimento>
    </Condimentos>
  </Pedido>
  <Pedido>
    <NumeroPedido>12</NumeroPedido>
    <Cliente>texte 2</Cliente>
    <DataPedido>2025-05-21 12:17:58</DataPedido>
    <TotalPedido>27,80</TotalPedido>
    <Observacao>aaaaa</Observacao>
    <Itens>
      <Item>
        <NumeroItem>1</NumeroItem>
        <Descricao>Cachorro Quente</Descricao>
        <Quantidade>2</Quantidade>
        <PrecoUnitario>10,00</PrecoUnitario>
        <TotalItem>20,00</TotalItem>
      </Item>
      <Item>
        <NumeroItem>2</NumeroItem>
        <Descricao>Suco de Abacaxi - R$7,80</Descricao>
        <Quantidade>1</Quantidade>
        <PrecoUnitario>7,80</PrecoUnitario>
        <TotalItem>7,80</TotalItem>
      </Item>
    </Itens>
    <Condimentos>
      <Condimento>Molho Inglês</Condimento>
      <Condimento>Batata Palha</Condimento>
      <Condimento>Pimenta</Condimento>
    </Condimentos>
  </Pedido>
</Pedidos>