﻿<?xml version="1.0" encoding="utf-8"?>
<Cancelados>
  <Pedido>
    <NumeroPedido>7</NumeroPedido>
    <Cliente>erick</Cliente>
    <DataPedido>2025-07-10 17:24:04</DataPedido>
    <TotalPedido>27,00</TotalPedido>
    <TipoConsumo>Viagem</TipoConsumo>
    <Observacao>123123</Observacao>
    <Itens>
      <Item>
        <NumeroItem>1</NumeroItem>
        <Descricao>X-Bacon</Descricao>
        <Quantidade>1</Quantidade>
        <PrecoUnitario>22,00</PrecoUnitario>
        <TotalItem>22,00</TotalItem>
      </Item>
      <Item>
        <NumeroItem>2</NumeroItem>
        <Descricao>Guaraná 350ml - R$5,00</Descricao>
        <Quantidade>1</Quantidade>
        <PrecoUnitario>5,00</PrecoUnitario>
        <TotalItem>5,00</TotalItem>
      </Item>
    </Itens>
    <Condimentos>
      <Condimento>Molho Inglês</Condimento>
      <Condimento>Pimenta</Condimento>
      <Condimento>Mostarda</Condimento>
    </Condimentos>
    <MotivoCancelamento>Teste</MotivoCancelamento>
    <DataCancelamento>2025-07-11 01:13:20</DataCancelamento>
  </Pedido>
  <Pedido>
    <NumeroPedido>6</NumeroPedido>
    <Cliente>JOsias</Cliente>
    <DataPedido>2025-07-10 02:00:45</DataPedido>
    <TotalPedido>355,00</TotalPedido>
    <Observacao>76543</Observacao>
    <Itens>
      <Item>
        <NumeroItem>1</NumeroItem>
        <Descricao>X-Tudo</Descricao>
        <Quantidade>14</Quantidade>
        <PrecoUnitario>25,00</PrecoUnitario>
        <TotalItem>350,00</TotalItem>
      </Item>
      <Item>
        <NumeroItem>2</NumeroItem>
        <Descricao>Guaraná 350ml - R$5,00</Descricao>
        <Quantidade>1</Quantidade>
        <PrecoUnitario>5,00</PrecoUnitario>
        <TotalItem>5,00</TotalItem>
      </Item>
    </Itens>
    <Condimentos>
      <Condimento>Molho Inglês</Condimento>
      <Condimento>Pimenta</Condimento>
      <Condimento>Mostarda</Condimento>
    </Condimentos>
    <MotivoCancelamento>Teste 3</MotivoCancelamento>
    <DataCancelamento>2025-07-11 01:13:32</DataCancelamento>
  </Pedido>
  <Pedido>
    <NumeroPedido>6</NumeroPedido>
    <Cliente>adawd</Cliente>
    <DataPedido>2025-07-10 17:15:02</DataPedido>
    <TotalPedido>125,00</TotalPedido>
    <Observacao>123123</Observacao>
    <Itens>
      <Item>
        <NumeroItem>1</NumeroItem>
        <Descricao>Frango com queijo</Descricao>
        <Quantidade>5</Quantidade>
        <PrecoUnitario>23,40</PrecoUnitario>
        <TotalItem>117,00</TotalItem>
      </Item>
      <Item>
        <NumeroItem>2</NumeroItem>
        <Descricao>Suco de Laranja 500ml - R$8,00</Descricao>
        <Quantidade>1</Quantidade>
        <PrecoUnitario>8,00</PrecoUnitario>
        <TotalItem>8,00</TotalItem>
      </Item>
    </Itens>
    <Condimentos>
      <Condimento>Pimenta</Condimento>
      <Condimento>Catchup</Condimento>
      <Condimento>Maionese</Condimento>
    </Condimentos>
    <MotivoCancelamento>teste 2</MotivoCancelamento>
    <DataCancelamento>2025-07-11 01:13:52</DataCancelamento>
  </Pedido>
  <Pedido>
    <NumeroPedido>5</NumeroPedido>
    <Cliente>Enzo</Cliente>
    <DataPedido>2025-07-10 01:22:30</DataPedido>
    <TotalPedido>60,50</TotalPedido>
    <Observacao>342233</Observacao>
    <Itens>
      <Item>
        <NumeroItem>1</NumeroItem>
        <Descricao>X-Salada</Descricao>
        <Quantidade>3</Quantidade>
        <PrecoUnitario>18,50</PrecoUnitario>
        <TotalItem>55,50</TotalItem>
      </Item>
      <Item>
        <NumeroItem>2</NumeroItem>
        <Descricao>Guaraná 350ml - R$5,00</Descricao>
        <Quantidade>1</Quantidade>
        <PrecoUnitario>5,00</PrecoUnitario>
        <TotalItem>5,00</TotalItem>
      </Item>
    </Itens>
    <Condimentos>
      <Condimento>Molho Inglês</Condimento>
      <Condimento>Batata Palha</Condimento>
      <Condimento>Catchup</Condimento>
      <Condimento>Maionese</Condimento>
    </Condimentos>
    <MotivoCancelamento>123</MotivoCancelamento>
    <DataCancelamento>2025-07-11 01:20:54</DataCancelamento>
  </Pedido>
  <Pedido>
    <NumeroPedido>8</NumeroPedido>
    <Cliente>mia</Cliente>
    <DataPedido>2025-07-11 02:32:36</DataPedido>
    <TotalPedido>48,00</TotalPedido>
    <TipoConsumo>Viagem</TipoConsumo>
    <Observacao>15200</Observacao>
    <Itens>
      <Item>
        <NumeroItem>1</NumeroItem>
        <Descricao>X-Salada</Descricao>
        <Quantidade>3</Quantidade>
        <PrecoUnitario>14,00</PrecoUnitario>
        <TotalItem>42,00</TotalItem>
      </Item>
      <Item>
        <NumeroItem>2</NumeroItem>
        <Descricao>Suco Natural - R$6,00</Descricao>
        <Quantidade>1</Quantidade>
        <PrecoUnitario>6,00</PrecoUnitario>
        <TotalItem>6,00</TotalItem>
      </Item>
    </Itens>
    <Condimentos>
      <Condimento>Batata Palha</Condimento>
      <Condimento>Maionese</Condimento>
      <Condimento>Mostarda</Condimento>
    </Condimentos>
    <MotivoCancelamento>yhjkl</MotivoCancelamento>
    <DataCancelamento>2025-07-11 02:34:16</DataCancelamento>
  </Pedido>
</Cancelados>