﻿<?xml version="1.0" encoding="utf-8"?>
<Pedido>
  <NumeroPedido>2</NumeroPedido>
  <Cliente>erick</Cliente>
  <DataPedido>2025-07-10 00:50:05</DataPedido>
  <TotalPedido>22,00</TotalPedido>
  <Observacao>wender</Observacao>
  <Itens>
    <Item>
      <NumeroItem>1</NumeroItem>
      <Descricao>X-Bacon</Descricao>
      <Quantidade>1</Quantidade>
      <PrecoUnitario>22,00</PrecoUnitario>
      <TotalItem>22,00</TotalItem>
    </Item>
  </Itens>
  <Condimentos>
    <Condimento>Batata Palha</Condimento>
    <Condimento>Maionese</Condimento>
    <Condimento>Mostarda</Condimento>
  </Condimentos>
  <Pedido>
    <NumeroPedido>2</NumeroPedido>
    <Cliente>wender lopes</Cliente>
    <DataPedido>2025-07-10 00:58:27</DataPedido>
    <TotalPedido>98,00</TotalPedido>
    <Observacao>wemder</Observacao>
    <Itens>
      <Item>
        <NumeroItem>1</NumeroItem>
        <Descricao>X-Bacon</Descricao>
        <Quantidade>4</Quantidade>
        <PrecoUnitario>22,00</PrecoUnitario>
        <TotalItem>88,00</TotalItem>
      </Item>
      <Item>
        <NumeroItem>2</NumeroItem>
        <Descricao>Cerveja 600ml - R$10,00</Descricao>
        <Quantidade>1</Quantidade>
        <PrecoUnitario>10,00</PrecoUnitario>
        <TotalItem>10,00</TotalItem>
      </Item>
    </Itens>
    <Condimentos>
      <Condimento>Molho Inglês</Condimento>
      <Condimento>Batata Palha</Condimento>
      <Condimento>Catchup</Condimento>
    </Condimentos>
  </Pedido>
  <Pedido>
    <NumeroPedido>3</NumeroPedido>
    <Cliente>wender lopes</Cliente>
    <DataPedido>2025-07-10 01:04:26</DataPedido>
    <TotalPedido>80,00</TotalPedido>
    <Observacao>2131</Observacao>
    <Itens>
      <Item>
        <NumeroItem>1</NumeroItem>
        <Descricao>X-Tudo</Descricao>
        <Quantidade>3</Quantidade>
        <PrecoUnitario>25,00</PrecoUnitario>
        <TotalItem>75,00</TotalItem>
      </Item>
      <Item>
        <NumeroItem>2</NumeroItem>
        <Descricao>Guaraná 350ml - R$5,00</Descricao>
        <Quantidade>1</Quantidade>
        <PrecoUnitario>5,00</PrecoUnitario>
        <TotalItem>5,00</TotalItem>
      </Item>
    </Itens>
    <Condimentos>
      <Condimento>Molho Inglês</Condimento>
      <Condimento>Batata Palha</Condimento>
      <Condimento>Maionese</Condimento>
    </Condimentos>
  </Pedido>
  <Pedido>
    <NumeroPedido>3</NumeroPedido>
    <Cliente>erick</Cliente>
    <DataPedido>2025-07-10 01:13:08</DataPedido>
    <TotalPedido>108,00</TotalPedido>
    <Observacao>32454</Observacao>
    <Itens>
      <Item>
        <NumeroItem>1</NumeroItem>
        <Descricao>X-Tudo</Descricao>
        <Quantidade>4</Quantidade>
        <PrecoUnitario>25,00</PrecoUnitario>
        <TotalItem>100,00</TotalItem>
      </Item>
      <Item>
        <NumeroItem>2</NumeroItem>
        <Descricao>Suco de Laranja 500ml - R$8,00</Descricao>
        <Quantidade>1</Quantidade>
        <PrecoUnitario>8,00</PrecoUnitario>
        <TotalItem>8,00</TotalItem>
      </Item>
    </Itens>
    <Condimentos>
      <Condimento>Pimenta</Condimento>
      <Condimento>Maionese</Condimento>
      <Condimento>Mostarda</Condimento>
    </Condimentos>
  </Pedido>
  <Pedido>
    <NumeroPedido>4</NumeroPedido>
    <Cliente>wender lopes</Cliente>
    <DataPedido>2025-07-10 01:22:30</DataPedido>
    <TotalPedido>96,00</TotalPedido>
    <Observacao>23342</Observacao>
    <Itens>
      <Item>
        <NumeroItem>1</NumeroItem>
        <Descricao>X-Bacon</Descricao>
        <Quantidade>4</Quantidade>
        <PrecoUnitario>22,00</PrecoUnitario>
        <TotalItem>88,00</TotalItem>
      </Item>
      <Item>
        <NumeroItem>2</NumeroItem>
        <Descricao>Suco de Laranja 500ml - R$8,00</Descricao>
        <Quantidade>1</Quantidade>
        <PrecoUnitario>8,00</PrecoUnitario>
        <TotalItem>8,00</TotalItem>
      </Item>
    </Itens>
    <Condimentos>
      <Condimento>Molho Inglês</Condimento>
      <Condimento>Batata Palha</Condimento>
      <Condimento>Mostarda</Condimento>
    </Condimentos>
  </Pedido>
  <Pedido>
    <NumeroPedido>5</NumeroPedido>
    <Cliente>erick</Cliente>
    <DataPedido>2025-07-10 01:44:51</DataPedido>
    <TotalPedido>108,00</TotalPedido>
    <Observacao>2134658</Observacao>
    <Itens>
      <Item>
        <NumeroItem>1</NumeroItem>
        <Descricao>X-Tudo</Descricao>
        <Quantidade>4</Quantidade>
        <PrecoUnitario>25,00</PrecoUnitario>
        <TotalItem>100,00</TotalItem>
      </Item>
      <Item>
        <NumeroItem>2</NumeroItem>
        <Descricao>Suco de Laranja 500ml - R$8,00</Descricao>
        <Quantidade>1</Quantidade>
        <PrecoUnitario>8,00</PrecoUnitario>
        <TotalItem>8,00</TotalItem>
      </Item>
    </Itens>
    <Condimentos>
      <Condimento>Batata Palha</Condimento>
      <Condimento>Pimenta</Condimento>
      <Condimento>Mostarda</Condimento>
    </Condimentos>
  </Pedido>
</Pedido>