[
  {
    "NumeroPedido": "11",
    "Cliente": "teste txt",
    "DataPedido": "2025-05-21 12:17:58",
    "TotalPedido": "110,00",
    "Observacao": "321",
    "Itens": [
      {
        "NumeroItem": "1",
        "Descricao": "Big Mac",
        "Quantidade": "4",
        "PrecoUnitario": "25,00",
        "TotalItem": "100,00"
      },
      {
        "NumeroItem": "2",
        "Descricao": "Água de Coco - R$10,00",
        "Quantidade": "1",
        "PrecoUnitario": "10,00",
        "TotalItem": "10,00"
      }
    ],
    "Condimentos": [
      "Molho Inglês",
      "Batata Palha",
      "Pimenta"
    ]
  },
  {
    "NumeroPedido": "12",
    "Cliente": "texte 2",
    "DataPedido": "2025-05-21 12:17:58",
    "TotalPedido": "27,80",
    "Observacao": "aaaaa",
    "Itens": [
      {
        "NumeroItem": "1",
        "Descricao": "Cachorro Quente",
        "Quantidade": "2",
        "PrecoUnitario": "10,00",
        "TotalItem": "20,00"
      },
      {
        "NumeroItem": "2",
        "Descricao": "Suco de Abacaxi - R$7,80",
        "Quantidade": "1",
        "PrecoUnitario": "7,80",
        "TotalItem": "7,80"
      }
    ],
    "Condimentos": [
      "Molho Inglês",
      "Batata Palha",
      "Pimenta"
    ]
  }
]